Workbook

Sheet Planner
B2: UNCOMPRESSED WAV FILE RECORDING
B3: Audio Sampling Rate (Hz) | C3: Audio Data Rate (kbps) | D3: Audio Data Rate (KB/s) | E3: Audio Processing Interval (s) | F3: SD Card Write Interval (s) | G3: IMU Processing Interval (s) | H3: IMU Write Interval (s) | I3: Encoding Time Per Audio Interval (ms) | J3: Audio Write Time per SD Interval (ms) | K3: IMU Write Time per SD Interval (ms) | L3: Average Current (mA) | M3: Est. Storage Capacity (days) | N3: Est. Battery Life (days)
B4: 8000 | C4: =$D4*8 -> 125 | D4: =2*$B4/1024 -> 15.625 | E4: {=_xlfn.LET(_xlpm.MaxInt,Calculations!$E$18/$B4,IF(_xlpm.MaxInt>$D$19,$D$19,MAX(_xlfn.LET(_xlpm.Den,_xlfn.SEQUENCE(_xlpm.MaxInt),_xlfn._xlws.FILTER(_xlpm.Den,MOD($D$19,_xlpm.Den)=0)))))} -> 12 | F4: =$E4 -> 12 | G4: =IF($D$20=0,0,IF(Calculations!$E$21<$E4*$D$20,$E4/(_xlfn.FLOOR.MATH($E4/(Calculations!$E$21/$D$20))+IF(MOD(Calculations!$E$21,$D$20)=0,0,1)),$E4)) -> 2.4 | H4: =IF($D$20=0,0,MIN(Calculations!$E$20/$D$20,$F4)) -> 12 | I4: 25 | J4: =Calculations!$E$22*Calculations!$E$18*2 -> 18.310547 | K4: =Calculations!$E$22*$F4*$D$20*3*4 -> 0.68664551 | L4: =Calculations!$L4 -> 1.8412365 | M4: =_xlfn.FLOOR.MATH($D$21*1024*1024*1024/(($D4*1024)+($D$20*3*4))/60/60/24) -> 95 | N4: =_xlfn.FLOOR.MATH($D$22/$L4/24) -> 158
B5: 16000 | C5: =$D5*8 -> 250 | D5: =2*$B5/1024 -> 31.25 | E5: {=_xlfn.LET(_xlpm.MaxInt,Calculations!$E$18/$B5,IF(_xlpm.MaxInt>$D$19,$D$19,MAX(_xlfn.LET(_xlpm.Den,_xlfn.SEQUENCE(_xlpm.MaxInt),_xlfn._xlws.FILTER(_xlpm.Den,MOD($D$19,_xlpm.Den)=0)))))} -> 6 | F5: =$E5 -> 6 | G5: =IF($D$20=0,0,IF(Calculations!$E$21<$E5*$D$20,$E5/(_xlfn.FLOOR.MATH($E5/(Calculations!$E$21/$D$20))+IF(MOD(Calculations!$E$21,$D$20)=0,0,1)),$E5)) -> 2 | H5: =IF($D$20=0,0,MIN(Calculations!$E$20/$D$20,$F5)) -> 6 | I5: 25 | J5: =Calculations!$E$22*Calculations!$E$18*2 -> 18.310547 | K5: =Calculations!$E$22*$F5*$D$20*3*4 -> 0.34332275 | L5: =Calculations!$L5 -> 2.0714797 | M5: =_xlfn.FLOOR.MATH($D$21*1024*1024*1024/(($D5*1024)+($D$20*3*4))/60/60/24) -> 48 | N5: =_xlfn.FLOOR.MATH($D$22/$L5/24) -> 140
B6: 24000 | C6: =$D6*8 -> 375 | D6: =2*$B6/1024 -> 46.875 | E6: {=_xlfn.LET(_xlpm.MaxInt,Calculations!$E$18/$B6,IF(_xlpm.MaxInt>$D$19,$D$19,MAX(_xlfn.LET(_xlpm.Den,_xlfn.SEQUENCE(_xlpm.MaxInt),_xlfn._xlws.FILTER(_xlpm.Den,MOD($D$19,_xlpm.Den)=0)))))} -> 4 | F6: =$E6 -> 4 | G6: =IF($D$20=0,0,IF(Calculations!$E$21<$E6*$D$20,$E6/(_xlfn.FLOOR.MATH($E6/(Calculations!$E$21/$D$20))+IF(MOD(Calculations!$E$21,$D$20)=0,0,1)),$E6)) -> 2 | H6: =IF($D$20=0,0,MIN(Calculations!$E$20/$D$20,$F6)) -> 4 | I6: 25 | J6: =Calculations!$E$22*Calculations!$E$18*2 -> 18.310547 | K6: =Calculations!$E$22*$F6*$D$20*3*4 -> 0.22888184 | L6: =Calculations!$L6 -> 2.301723 | M6: =_xlfn.FLOOR.MATH($D$21*1024*1024*1024/(($D6*1024)+($D$20*3*4))/60/60/24) -> 32 | N6: =_xlfn.FLOOR.MATH($D$22/$L6/24) -> 126
B7: 32000 | C7: =$D7*8 -> 500 | D7: =2*$B7/1024 -> 62.5 | E7: {=_xlfn.LET(_xlpm.MaxInt,Calculations!$E$18/$B7,IF(_xlpm.MaxInt>$D$19,$D$19,MAX(_xlfn.LET(_xlpm.Den,_xlfn.SEQUENCE(_xlpm.MaxInt),_xlfn._xlws.FILTER(_xlpm.Den,MOD($D$19,_xlpm.Den)=0)))))} -> 3 | F7: =$E7 -> 3 | G7: =IF($D$20=0,0,IF(Calculations!$E$21<$E7*$D$20,$E7/(_xlfn.FLOOR.MATH($E7/(Calculations!$E$21/$D$20))+IF(MOD(Calculations!$E$21,$D$20)=0,0,1)),$E7)) -> 1.5 | H7: =IF($D$20=0,0,MIN(Calculations!$E$20/$D$20,$F7)) -> 3 | I7: 25 | J7: =Calculations!$E$22*Calculations!$E$18*2 -> 18.310547 | K7: =Calculations!$E$22*$F7*$D$20*3*4 -> 0.17166138 | L7: =Calculations!$L7 -> 2.5319662 | M7: =_xlfn.FLOOR.MATH($D$21*1024*1024*1024/(($D7*1024)+($D$20*3*4))/60/60/24) -> 24 | N7: =_xlfn.FLOOR.MATH($D$22/$L7/24) -> 115
B8: 48000 | C8: =$D8*8 -> 750 | D8: =2*$B8/1024 -> 93.75 | E8: {=_xlfn.LET(_xlpm.MaxInt,Calculations!$E$18/$B8,IF(_xlpm.MaxInt>$D$19,$D$19,MAX(_xlfn.LET(_xlpm.Den,_xlfn.SEQUENCE(_xlpm.MaxInt),_xlfn._xlws.FILTER(_xlpm.Den,MOD($D$19,_xlpm.Den)=0)))))} -> 2 | F8: =$E8 -> 2 | G8: =IF($D$20=0,0,IF(Calculations!$E$21<$E8*$D$20,$E8/(_xlfn.FLOOR.MATH($E8/(Calculations!$E$21/$D$20))+IF(MOD(Calculations!$E$21,$D$20)=0,0,1)),$E8)) -> 2 | H8: =IF($D$20=0,0,MIN(Calculations!$E$20/$D$20,$F8)) -> 2 | I8: 25 | J8: =Calculations!$E$22*Calculations!$E$18*2 -> 18.310547 | K8: =Calculations!$E$22*$F8*$D$20*3*4 -> 0.11444092 | L8: =Calculations!$L8 -> 2.9924527 | M8: =_xlfn.FLOOR.MATH($D$21*1024*1024*1024/(($D8*1024)+($D$20*3*4))/60/60/24) -> 16 | N8: =_xlfn.FLOOR.MATH($D$22/$L8/24) -> 97
B10: COMPRESSED OGG OPUS RECORDING
B11: Audio Sampling Rate (Hz) | C11: Audio Data Rate (kbps) | D11: Audio Data Rate (KB/s) | E11: Audio Processing Interval (s) | F11: SD Card Write Interval (s) | G11: IMU Processing Interval (s) | H11: IMU Write Interval (s) | I11: Encoding Time Per Audio Interval (ms) | J11: Audio Write Time per SD Interval (ms) | K11: IMU Write Time per SD Interval (ms) | L11: Average Current (mA) | M11: Est. Storage Capacity (days) | N11: Est. Battery Life (days)
B12: 48000 | C12: 16 | D12: =$C12/8 -> 2 | E12: {=_xlfn.LET(_xlpm.MaxInt,Calculations!$E$18/$B12,IF(_xlpm.MaxInt>$D$19,$D$19,MAX(_xlfn.LET(_xlpm.Den,_xlfn.SEQUENCE(_xlpm.MaxInt),_xlfn._xlws.FILTER(_xlpm.Den,MOD($D$19,_xlpm.Den)=0)))))} -> 2 | F12: =Calculations!$E$19/($D12*1000) -> 32.768 | G12: =IF($D$20=0,0,IF(Calculations!$E$21<$E12*$D$20,$E12/(_xlfn.FLOOR.MATH($E12/(Calculations!$E$21/$D$20))+IF(MOD(Calculations!$E$21,$D$20)=0,0,1)),$E12)) -> 2 | H12: =IF($D$20=0,0,MIN(Calculations!$E$20/$D$20,$F12)) -> 26 | I12: 521 | J12: =Calculations!$E$22*Calculations!$E$19 -> 6.25 | K12: =Calculations!$E$22*$F12*$D$20*3*4 -> 1.875 | L12: =Calculations!$L12 -> 2.2924759 | M12: =_xlfn.FLOOR.MATH($D$21*1024*1024*1024/(($D12*1024)+($D$20*3*4))/60/60/24) -> 600 | N12: =_xlfn.FLOOR.MATH($D$22/$L12/24) -> 127
B13: 48000 | C13: 32 | D13: =$C13/8 -> 4 | E13: {=_xlfn.LET(_xlpm.MaxInt,Calculations!$E$18/$B13,IF(_xlpm.MaxInt>$D$19,$D$19,MAX(_xlfn.LET(_xlpm.Den,_xlfn.SEQUENCE(_xlpm.MaxInt),_xlfn._xlws.FILTER(_xlpm.Den,MOD($D$19,_xlpm.Den)=0)))))} -> 2 | F13: =Calculations!$E$19/($D13*1000) -> 16.384 | G13: =IF($D$20=0,0,IF(Calculations!$E$21<$E13*$D$20,$E13/(_xlfn.FLOOR.MATH($E13/(Calculations!$E$21/$D$20))+IF(MOD(Calculations!$E$21,$D$20)=0,0,1)),$E13)) -> 2 | H13: =IF($D$20=0,0,MIN(Calculations!$E$20/$D$20,$F13)) -> 16.384 | I13: 684 | J13: =Calculations!$E$22*Calculations!$E$19 -> 6.25 | K13: =Calculations!$E$22*$F13*$D$20*3*4 -> 0.9375 | L13: =Calculations!$L13 -> 2.5062587 | M13: =_xlfn.FLOOR.MATH($D$21*1024*1024*1024/(($D13*1024)+($D$20*3*4))/60/60/24) -> 338 | N13: =_xlfn.FLOOR.MATH($D$22/$L13/24) -> 116
B14: 48000 | C14: 64 | D14: =$C14/8 -> 8 | E14: {=_xlfn.LET(_xlpm.MaxInt,Calculations!$E$18/$B14,IF(_xlpm.MaxInt>$D$19,$D$19,MAX(_xlfn.LET(_xlpm.Den,_xlfn.SEQUENCE(_xlpm.MaxInt),_xlfn._xlws.FILTER(_xlpm.Den,MOD($D$19,_xlpm.Den)=0)))))} -> 2 | F14: =Calculations!$E$19/($D14*1000) -> 8.192 | G14: =IF($D$20=0,0,IF(Calculations!$E$21<$E14*$D$20,$E14/(_xlfn.FLOOR.MATH($E14/(Calculations!$E$21/$D$20))+IF(MOD(Calculations!$E$21,$D$20)=0,0,1)),$E14)) -> 2 | H14: =IF($D$20=0,0,MIN(Calculations!$E$20/$D$20,$F14)) -> 8.192 | I14: 813 | J14: =Calculations!$E$22*Calculations!$E$19 -> 6.25 | K14: =Calculations!$E$22*$F14*$D$20*3*4 -> 0.46875 | L14: =Calculations!$L14 -> 2.7632742 | M14: =_xlfn.FLOOR.MATH($D$21*1024*1024*1024/(($D14*1024)+($D$20*3*4))/60/60/24) -> 180 | N14: =_xlfn.FLOOR.MATH($D$22/$L14/24) -> 105
B15: 48000 | C15: 96 | D15: =$C15/8 -> 12 | E15: {=_xlfn.LET(_xlpm.MaxInt,Calculations!$E$18/$B15,IF(_xlpm.MaxInt>$D$19,$D$19,MAX(_xlfn.LET(_xlpm.Den,_xlfn.SEQUENCE(_xlpm.MaxInt),_xlfn._xlws.FILTER(_xlpm.Den,MOD($D$19,_xlpm.Den)=0)))))} -> 2 | F15: =Calculations!$E$19/($D15*1000) -> 5.4613333 | G15: =IF($D$20=0,0,IF(Calculations!$E$21<$E15*$D$20,$E15/(_xlfn.FLOOR.MATH($E15/(Calculations!$E$21/$D$20))+IF(MOD(Calculations!$E$21,$D$20)=0,0,1)),$E15)) -> 2 | H15: =IF($D$20=0,0,MIN(Calculations!$E$20/$D$20,$F15)) -> 5.4613333 | I15: 876 | J15: =Calculations!$E$22*Calculations!$E$19 -> 6.25 | K15: =Calculations!$E$22*$F15*$D$20*3*4 -> 0.3125 | L15: =Calculations!$L15 -> 2.9443896 | M15: =_xlfn.FLOOR.MATH($D$21*1024*1024*1024/(($D15*1024)+($D$20*3*4))/60/60/24) -> 123 | N15: =_xlfn.FLOOR.MATH($D$22/$L15/24) -> 99
B16: 48000 | C16: 128 | D16: =$C16/8 -> 16 | E16: {=_xlfn.LET(_xlpm.MaxInt,Calculations!$E$18/$B16,IF(_xlpm.MaxInt>$D$19,$D$19,MAX(_xlfn.LET(_xlpm.Den,_xlfn.SEQUENCE(_xlpm.MaxInt),_xlfn._xlws.FILTER(_xlpm.Den,MOD($D$19,_xlpm.Den)=0)))))} -> 2 | F16: =Calculations!$E$19/($D16*1000) -> 4.096 | G16: =IF($D$20=0,0,IF(Calculations!$E$21<$E16*$D$20,$E16/(_xlfn.FLOOR.MATH($E16/(Calculations!$E$21/$D$20))+IF(MOD(Calculations!$E$21,$D$20)=0,0,1)),$E16)) -> 2 | H16: =IF($D$20=0,0,MIN(Calculations!$E$20/$D$20,$F16)) -> 4.096 | I16: 895 | J16: =Calculations!$E$22*Calculations!$E$19 -> 6.25 | K16: =Calculations!$E$22*$F16*$D$20*3*4 -> 0.234375 | L16: =Calculations!$L16 -> 3.0749051 | M16: =_xlfn.FLOOR.MATH($D$21*1024*1024*1024/(($D16*1024)+($D$20*3*4))/60/60/24) -> 93 | N16: =_xlfn.FLOOR.MATH($D$22/$L16/24) -> 94
B18: Microphone Type: | D18: SPH18R1LM4H
B19: Stored Clip Length (s): | D19: 60
B20: IMU Sampling Rate (Hz): | D20: 50
B21: SD Card Size (GB): | D21: 128
B22: Battery Capacity (mAh): | D22: 7000
B23: SD Card Speed Class: | D23: U1

Sheet Calculations
B2: UNCOMPRESSED WAV FILE RECORDING
B3: Audio Sampling Rate (Hz) | C3: Audio Data Rate (kbps) | D3: Audio Data Rate (KB/s) | E3: SD Card Write Time per Activation (ms) | F3: MCU Active Time per SD Activation (ms) | G3: SD Card Write Time per Second (ms) | H3: SD Card Idle Time per Second (ms) | I3: SD Card Sleep Time per Second (ms) | J3: Total MCU Active Time per Second (ms) | K3: Total MCU Idle Time per Second (ms) | L3: Average Current (mA)
B4: 8000 | C4: =$D4*8 -> 128 | D4: =2*$B4/1000 -> 16 | E4: =Planner!$J4+Planner!$K4+$E$31 -> 23.997192 | F4: =$E4+(_xlfn.CEILING.MATH(Planner!$F4/Planner!$H4)*$E$26) -> 48.997192 | G4: =$E4/Planner!$F4 -> 1.999766 | H4: =_xlfn.CEILING.MATH(Planner!$F4/Planner!$H4)*($E$26/Planner!$F4) -> 2.0833333 | I4: =1000-($G4+$H4) -> 995.9169 | J4: =($F4/Planner!$F4)+(Planner!$I4/Planner!$E4) -> 6.1664327 | K4: =1000-$J4 -> 993.83357 | L4: =((($J4*$E$28) + ($K4*$E$27) + ($G4*$E$23) + ($H4*$E$24) + ($I4*$E$25)) / 1000) + MagPower!$E$6 + LOOKUP(Planner!$D$18,MicPower!$B$3:$C$10) + LOOKUP(Planner!$D$20,ImuPower!$B$3:$C$12) -> 1.8412365
B5: 16000 | C5: =$D5*8 -> 256 | D5: =2*$B5/1000 -> 32 | E5: =Planner!$J5+Planner!$K5+$E$31 -> 23.65387 | F5: =$E5+(_xlfn.CEILING.MATH(Planner!$F5/Planner!$H5)*$E$26) -> 48.65387 | G5: =$E5/Planner!$F5 -> 3.9423116 | H5: =_xlfn.CEILING.MATH(Planner!$F5/Planner!$H5)*($E$26/Planner!$F5) -> 4.1666667 | I5: =1000-($G5+$H5) -> 991.89102 | J5: =($F5/Planner!$F5)+(Planner!$I5/Planner!$E5) -> 12.275645 | K5: =1000-$J5 -> 987.72436 | L5: =((($J5*$E$28) + ($K5*$E$27) + ($G5*$E$23) + ($H5*$E$24) + ($I5*$E$25)) / 1000) + MagPower!$E$6 + LOOKUP(Planner!$D$18,MicPower!$B$3:$C$10) + LOOKUP(Planner!$D$20,ImuPower!$B$3:$C$12) -> 2.0714797
B6: 24000 | C6: =$D6*8 -> 384 | D6: =2*$B6/1000 -> 48 | E6: =Planner!$J6+Planner!$K6+$E$31 -> 23.539429 | F6: =$E6+(_xlfn.CEILING.MATH(Planner!$F6/Planner!$H6)*$E$26) -> 48.539429 | G6: =$E6/Planner!$F6 -> 5.8848572 | H6: =_xlfn.CEILING.MATH(Planner!$F6/Planner!$H6)*($E$26/Planner!$F6) -> 6.25 | I6: =1000-($G6+$H6) -> 987.86514 | J6: =($F6/Planner!$F6)+(Planner!$I6/Planner!$E6) -> 18.384857 | K6: =1000-$J6 -> 981.61514 | L6: =((($J6*$E$28) + ($K6*$E$27) + ($G6*$E$23) + ($H6*$E$24) + ($I6*$E$25)) / 1000) + MagPower!$E$6 + LOOKUP(Planner!$D$18,MicPower!$B$3:$C$10) + LOOKUP(Planner!$D$20,ImuPower!$B$3:$C$12) -> 2.301723
B7: 32000 | C7: =$D7*8 -> 512 | D7: =2*$B7/1000 -> 64 | E7: =Planner!$J7+Planner!$K7+$E$31 -> 23.482208 | F7: =$E7+(_xlfn.CEILING.MATH(Planner!$F7/Planner!$H7)*$E$26) -> 48.482208 | G7: =$E7/Planner!$F7 -> 7.8274028 | H7: =_xlfn.CEILING.MATH(Planner!$F7/Planner!$H7)*($E$26/Planner!$F7) -> 8.3333333 | I7: =1000-($G7+$H7) -> 983.83926 | J7: =($F7/Planner!$F7)+(Planner!$I7/Planner!$E7) -> 24.494069 | K7: =1000-$J7 -> 975.50593 | L7: =((($J7*$E$28) + ($K7*$E$27) + ($G7*$E$23) + ($H7*$E$24) + ($I7*$E$25)) / 1000) + MagPower!$E$6 + LOOKUP(Planner!$D$18,MicPower!$B$3:$C$10) + LOOKUP(Planner!$D$20,ImuPower!$B$3:$C$12) -> 2.5319662
B8: 48000 | C8: =$D8*8 -> 768 | D8: =2*$B8/1000 -> 96 | E8: =Planner!$J8+Planner!$K8+$E$31 -> 23.424988 | F8: =$E8+(_xlfn.CEILING.MATH(Planner!$F8/Planner!$H8)*$E$26) -> 48.424988 | G8: =$E8/Planner!$F8 -> 11.712494 | H8: =_xlfn.CEILING.MATH(Planner!$F8/Planner!$H8)*($E$26/Planner!$F8) -> 12.5 | I8: =1000-($G8+$H8) -> 975.78751 | J8: =($F8/Planner!$F8)+(Planner!$I8/Planner!$E8) -> 36.712494 | K8: =1000-$J8 -> 963.28751 | L8: =((($J8*$E$28) + ($K8*$E$27) + ($G8*$E$23) + ($H8*$E$24) + ($I8*$E$25)) / 1000) + MagPower!$E$6 + LOOKUP(Planner!$D$18,MicPower!$B$3:$C$10) + LOOKUP(Planner!$D$20,ImuPower!$B$3:$C$12) -> 2.9924527
B10: COMPRESSED OGG OPUS RECORDING
B11: Audio Sampling Rate (Hz) | C11: Audio Data Rate (kbps) | D11: Audio Data Rate (KB/s) | E11: SD Card Write Time per Activation (ms) | F11: MCU Active Time per SD Activation (ms) | G11: SD Card Write Time per Second (ms) | H11: SD Card Idle Time per Second (ms) | I11: SD Card Sleep Time per Second (ms) | J11: Total MCU Active Time per Second (ms) | K11: Total MCU Idle Time per Second (ms) | L11: Average Current (mA)
B12: 48000 | C12: 16 | D12: =$C12/8 -> 2 | E12: =Planner!$J12+Planner!$K12+$E$31 -> 13.125 | F12: =$E12+(_xlfn.CEILING.MATH(Planner!$F12/Planner!$H12)*$E$26) -> 63.125 | G12: =$E12/Planner!$F12 -> 0.40054321 | H12: =_xlfn.CEILING.MATH(Planner!$F12/Planner!$H12)*($E$26/Planner!$F12) -> 1.5258789 | I12: =1000-($G12+$H12) -> 998.07358 | J12: =($F12/Planner!$F12)+(Planner!$I12/Planner!$E12) -> 262.42642 | K12: =1000-$J12 -> 737.57358 | L12: =((($J12*$E$28) + ($K12*$E$27) + ($G12*$E$23) + ($H12*$E$24) + ($I12*$E$25)) / 1000) + MagPower!$E$6 + LOOKUP(Planner!$D$18,MicPower!$B$3:$C$10) + LOOKUP(Planner!$D$20,ImuPower!$B$3:$C$12) -> 2.2924759
B13: 48000 | C13: 32 | D13: =$C13/8 -> 4 | E13: =Planner!$J13+Planner!$K13+$E$31 -> 12.1875 | F13: =$E13+(_xlfn.CEILING.MATH(Planner!$F13/Planner!$H13)*$E$26) -> 37.1875 | G13: =$E13/Planner!$F13 -> 0.74386597 | H13: =_xlfn.CEILING.MATH(Planner!$F13/Planner!$H13)*($E$26/Planner!$F13) -> 1.5258789 | I13: =1000-($G13+$H13) -> 997.73026 | J13: =($F13/Planner!$F13)+(Planner!$I13/Planner!$E13) -> 344.26974 | K13: =1000-$J13 -> 655.73026 | L13: =((($J13*$E$28) + ($K13*$E$27) + ($G13*$E$23) + ($H13*$E$24) + ($I13*$E$25)) / 1000) + MagPower!$E$6 + LOOKUP(Planner!$D$18,MicPower!$B$3:$C$10) + LOOKUP(Planner!$D$20,ImuPower!$B$3:$C$12) -> 2.5062587
B14: 48000 | C14: 64 | D14: =$C14/8 -> 8 | E14: =Planner!$J14+Planner!$K14+$E$31 -> 11.71875 | F14: =$E14+(_xlfn.CEILING.MATH(Planner!$F14/Planner!$H14)*$E$26) -> 36.71875 | G14: =$E14/Planner!$F14 -> 1.4305115 | H14: =_xlfn.CEILING.MATH(Planner!$F14/Planner!$H14)*($E$26/Planner!$F14) -> 3.0517578 | I14: =1000-($G14+$H14) -> 995.51773 | J14: =($F14/Planner!$F14)+(Planner!$I14/Planner!$E14) -> 410.98227 | K14: =1000-$J14 -> 589.01773 | L14: =((($J14*$E$28) + ($K14*$E$27) + ($G14*$E$23) + ($H14*$E$24) + ($I14*$E$25)) / 1000) + MagPower!$E$6 + LOOKUP(Planner!$D$18,MicPower!$B$3:$C$10) + LOOKUP(Planner!$D$20,ImuPower!$B$3:$C$12) -> 2.7632742
B15: 48000 | C15: 96 | D15: =$C15/8 -> 12 | E15: =Planner!$J15+Planner!$K15+$E$31 -> 11.5625 | F15: =$E15+(_xlfn.CEILING.MATH(Planner!$F15/Planner!$H15)*$E$26) -> 36.5625 | G15: =$E15/Planner!$F15 -> 2.117157 | H15: =_xlfn.CEILING.MATH(Planner!$F15/Planner!$H15)*($E$26/Planner!$F15) -> 4.5776367 | I15: =1000-($G15+$H15) -> 993.30521 | J15: =($F15/Planner!$F15)+(Planner!$I15/Planner!$E15) -> 444.69479 | K15: =1000-$J15 -> 555.30521 | L15: =((($J15*$E$28) + ($K15*$E$27) + ($G15*$E$23) + ($H15*$E$24) + ($I15*$E$25)) / 1000) + MagPower!$E$6 + LOOKUP(Planner!$D$18,MicPower!$B$3:$C$10) + LOOKUP(Planner!$D$20,ImuPower!$B$3:$C$12) -> 2.9443896
B16: 48000 | C16: 128 | D16: =$C16/8 -> 16 | E16: =Planner!$J16+Planner!$K16+$E$31 -> 11.484375 | F16: =$E16+(_xlfn.CEILING.MATH(Planner!$F16/Planner!$H16)*$E$26) -> 36.484375 | G16: =$E16/Planner!$F16 -> 2.8038025 | H16: =_xlfn.CEILING.MATH(Planner!$F16/Planner!$H16)*($E$26/Planner!$F16) -> 6.1035156 | I16: =1000-($G16+$H16) -> 991.09268 | J16: =($F16/Planner!$F16)+(Planner!$I16/Planner!$E16) -> 456.40732 | K16: =1000-$J16 -> 543.59268 | L16: =((($J16*$E$28) + ($K16*$E$27) + ($G16*$E$23) + ($H16*$E$24) + ($I16*$E$25)) / 1000) + MagPower!$E$6 + LOOKUP(Planner!$D$18,MicPower!$B$3:$C$10) + LOOKUP(Planner!$D$20,ImuPower!$B$3:$C$12) -> 3.0749051
B18: Audio DMA Buffer Size (samples): | E18: 96000
B19: SD Audio Cache Size (bytes): | E19: 65536
B20: SD IMU Cache Size (samples): | E20: =($E$18/80)+100 -> 1300
B21: IMU FIFO Size (samples): | E21: 127
B22: SD Write Time per Byte (ms): | E22: =1000/(MIN(24,LOOKUP(Planner!$D$23,SdSpeeds!B3:C12))*1024*1024) -> 9.5367432e-05
B23: SD Measured Write Current (mA): | E23: 75 | G23: Depends on card
B24: SD Measured Activation Current (mA): | E24: 35 | G24: Depends on card
B25: SD Measured Sleep Current (mA): | E25: 0.6 | G25: Depends on card
B26: SD Measured Activation Duration (ms): | E26: 25 | G26: Depends on card
B27: MCU Measured Idle/Sleep Current (mA): | E27: 0.52 | F27: <- Measure
B28: MCU Measured Active Current (mA): | E28: 2.82 | F28: <- Measure
B29: Magnet Sensor Active Time (ms): | E29: 0.015
B30: Magnet Sensor Sleep Time (ms): | E30: 90
B31: SD FAT Maintenance Duration (ms): | E31: 5
B34: Check Encoding Time per Audio Interval for uncompressed

Sheet SdSpeeds
B2: SD Card Speed Class | C2: MB/sec
B3: C2 | C3: 2
B4: C4 | C4: 4
B5: C6 | C5: 6
B6: U1 | C6: 10
B7: U3 | C7: 30
B8: V6 | C8: 6
B9: V10 | C9: 10
B10: V30 | C10: 30
B11: V60 | C11: 60
B12: V90 | C12: 90

Sheet SdPower

Sheet MicPower
B2: Mic Name | C2: Steady-State Listening Power (mA)
B3: Analog | C3: 0.3 | D3: Measure
B4: CMM4030DT | C4: 0.54 | D4: Measure
B5: DMM3526-4-B | C5: 0.95 | D5: Measure
B6: IM72D128V | C6: 1.12 | D6: Measure
B7: MMICT5838 | C7: 0.34 | D7: Measure
B8: MP34DT05 | C8: 0.65 | D8: Measure
B9: SPH18R1LM4H | C9: 0.48 | D9: Measure
B10: SPH0141L | C10: 0.7 | D10: Measure

Sheet ImuPower
B2: IMU Sampling Rate | C2: Steady-State Listening Power (mA)
B3: 0 | C3: 0
B4: 3 | C4: 0.00047
B5: 6 | C5: 0.0061
B6: 12 | C6: 0.0061
B7: 25 | C7: 0.0061
B8: 50 | C8: 0.0061
B9: 100 | C9: 0.0061
B10: 200 | C10: 0.0061
B11: 400 | C11: 0.0061
B12: 800 | C12: 0.0061

Sheet MagPower
B2: Measurement Duration (ms): | E2: 0.011
B3: Measurement Current @ 1.8V (mA): | E3: 3.5
B4: Idle Current @ 1.8V (mA): | E4: 0.6
B5: Sleep Current @ 1.8V (mA): | E5: 5e-05
B6: Total Average Current @ 1.8V (mA): | E6: =(($E$2*$E$3/1000)+((Calculations!$E$29-$E$2)*$E$4/1000)+((Calculations!$E$30-Calculations!$E$29)*$E$5/1000))*(1000/Calculations!$E$30) -> 0.00050443611
